capture_id,kind,gt_id,pred_id,status,gt_value,pred_value,lower,upper,nominal_level,gt_uncertainty,error,abs_error,rel_error,covered
cap-a,wall_length,living-S,p-living-S,matched,4.0,4.0,3.95,4.05,0.9,,0.0,0.0,0.0,True
cap-a,wall_length,living-E,p-living-E,matched,5.0,5.0,4.95,5.05,0.9,,0.0,0.0,0.0,True
cap-a,wall_length,living-N,p-living-N,matched,4.0,4.0,3.95,4.05,0.9,,0.0,0.0,0.0,True
cap-a,wall_length,living-W,p-living-W,matched,5.0,5.0,4.95,5.05,0.9,,0.0,0.0,0.0,True
cap-a,wall_length,kitchen-S,p-kitchen-S,matched,3.0,3.0,2.95,3.05,0.9,,0.0,0.0,0.0,True
cap-a,wall_length,kitchen-E,p-kitchen-E,matched,5.0,5.0,4.95,5.05,0.9,,0.0,0.0,0.0,True
cap-a,wall_length,kitchen-N,p-kitchen-N,matched,3.0,3.0,2.95,3.05,0.9,,0.0,0.0,0.0,True
cap-a,wall_length,kitchen-W,p-kitchen-W,matched,5.0,5.0,4.95,5.05,0.9,,0.0,0.0,0.0,True
cap-a,wall_length,hall-S,,missing,1.5,,,,,,,,,
cap-a,wall_length,hall-E,,missing,5.0,,,,,,,,,
cap-a,wall_length,hall-N,,missing,1.5,,,,,,,,,
cap-a,wall_length,hall-W,,missing,5.0,,,,,,,,,
cap-a,opening_width,door-lk,p-door-lk,matched,0.86,0.86,0.8099999999999999,0.91,0.9,,0.0,0.0,0.0,True
cap-a,opening_width,door-kh,p-door-kh,matched,0.81,0.81,0.76,0.8600000000000001,0.9,,0.0,0.0,0.0,True
cap-a,ceiling_height,living,p-living,matched,2.4,2.4,2.35,2.4499999999999997,0.9,,0.0,0.0,0.0,True
cap-a,ceiling_height,kitchen,p-kitchen,matched,2.5,2.5,2.45,2.55,0.9,,0.0,0.0,0.0,True
cap-a,ceiling_height,hall,,missing,2.45,,,,,,,,,
cap-a,floor_area,living,p-living,matched,20.0,20.0,,,,,0.0,0.0,0.0,
cap-a,floor_area,kitchen,p-kitchen,matched,15.0,15.0,,,,,0.0,0.0,0.0,
cap-a,floor_area,hall,,missing,7.5,,,,,,,,,
